"","method","RMSE"
"1","lm",36.6125260937534
"2","lm xv",36.315749230656
"3","Reg Tree - pruned",34.3539885614382
"4","randomForest",31.5614394158947
"5","trained Rborist",35.716706246622
